<resources>
    <string name="app_name">HW9</string>
    <string name="title_activity_stockinf">StockinfActivity</string>
    <string name="tab_text_1">Tab 1</string>
    <string name="tab_text_2">Tab 2</string>
    <string name="tab_text_3">Tab 3</string>
    <string name="action_settings">Settings</string>
    <string name="section_format">Hello World from section: %1$d</string>
    <string name="title_activity_stock_details">stockDetails</string>

    <!-- TODO: Remove or change this placeholder text -->
    <string name="hello_blank_fragment">Hello blank fragment</string>
    <string name="facebook_app_id">1995351057407627</string>


    <string-array name="sort_spinner">
        <item>Sort By</item>
        <item>Default</item>
        <item>Symbol</item>
        <item>Price</item>
        <item>Change</item>
    </string-array>
</resources>
